<?xml version="1.0" encoding="UTF-8"?>
<beans xmlns="http://www.springframework.org/schema/beans"
	xmlns:xsi="http://www.w3.org/2001/XMLSchema-instance" xmlns:tx="http://www.springframework.org/schema/tx"
	xsi:schemaLocation="http://www.springframework.org/schema/beans http://www.springframework.org/schema/beans/spring-beans.xsd http://www.springframework.org/schema/tx http://www.springframework.org/schema/tx/spring-tx.xsd">

	<!-- 引入配置文件 -->
	<bean id="propertyConfigurer"
		class="org.springframework.beans.factory.config.PropertyPlaceholderConfigurer">
		<property name="location" value="classpath:mybatis/db.properties" />
	</bean>

	<!--数据源-链接数据库的基本信息 -->
	<bean id="dataSource" class="org.apache.commons.dbcp.BasicDataSource"
		destroy-method="close">
		<property name="driverClassName" value="${jdbc.driver}" />
				<property name="url"     value="${jdbc.url}" />
				<property name="username" value="${user}" />
				<property name="password" value="${jdbc.pwd}" />
		<!-- 初始化连接大小 -->
		<property name="initialSize" value="${initialSize}"></property>
		<!-- 连接池最大数量 -->
		<property name="maxActive" value="${maxActive}"></property>
		<!-- 连接池最大空闲 -->
		<property name="maxIdle" value="${maxIdle}"></property>
		<!-- 连接池最小空闲 -->
		<property name="minIdle" value="${minIdle}"></property>
		<!-- 获取连接最大等待时间 -->
		<property name="maxWait" value="${maxWait}"></property>
	</bean>

	<!-- 配置数据源,加载配置,也就是dataSource -->
	<bean id="sqlSessionFactory" class="org.mybatis.spring.SqlSessionFactoryBean">
		<property name="dataSource" ref="dataSource"></property>
		<!--mybatis的配置文件 -->
		<property name="configLocation" value="classpath:mybatis/mybatis-config.xml" />
		<!--扫描 XXXmapper.xml映射文件,配置扫描的路径 -->
		<property name="mapperLocations" value="classpath:com/yingyuan/mapper/*.xml"></property>
	</bean>
	<!-- DAO接口所在包名，Spring会自动查找之中的类 -->
	<bean class="org.mybatis.spring.mapper.MapperScannerConfigurer">
		<property name="basePackage" value="com.yingyuan.dao"/>
		<property name="sqlSessionFactoryBeanName" value="sqlSessionFactory"></property>
	</bean>
	

	<!--事务管理 -->
	<bean id="transactionManager"
		class="org.springframework.jdbc.datasource.DataSourceTransactionManager">
		<!--注入dataSource -->
		<property name="dataSource" ref="dataSource" />
	</bean>
	<!--开启事务注解扫描 -->
	<tx:annotation-driven transaction-manager="transactionManager"></tx:annotation-driven>
</beans>